Tactic,Technique,Att&ck ID,Att&ck ID link,Parents
Execution,Native API,T1106,https://attack.mitre.org/techniques/T1106,
Persistence,Services File Permissions Weakness,T1574.010,https://attack.mitre.org/techniques/T1574/010,"{'technique': 'Hijack Execution Flow', 'attck_id': 'T1574', 'attck_id_wiki': 'https://attack.mitre.org/techniques/T1574'}"
Privilege Escalation,Abuse Elevation Control Mechanism,T1548,https://attack.mitre.org/techniques/T1548,
Privilege Escalation,Services File Permissions Weakness,T1574.010,https://attack.mitre.org/techniques/T1574/010,"{'technique': 'Hijack Execution Flow', 'attck_id': 'T1574', 'attck_id_wiki': 'https://attack.mitre.org/techniques/T1574'}"
Privilege Escalation,Token Impersonation/Theft,T1134.001,https://attack.mitre.org/techniques/T1134/001,"{'technique': 'Access Token Manipulation', 'attck_id': 'T1134', 'attck_id_wiki': 'https://attack.mitre.org/techniques/T1134'}"
Privilege Escalation,Process Injection,T1055,https://attack.mitre.org/techniques/T1055,
Privilege Escalation,Access Token Manipulation,T1134,https://attack.mitre.org/techniques/T1134,
Defense Evasion,Abuse Elevation Control Mechanism,T1548,https://attack.mitre.org/techniques/T1548,
Defense Evasion,File Deletion,T1070.004,https://attack.mitre.org/techniques/T1070/004,"{'technique': 'Indicator Removal on Host', 'attck_id': 'T1070', 'attck_id_wiki': 'https://attack.mitre.org/techniques/T1070'}"
Defense Evasion,Services File Permissions Weakness,T1574.010,https://attack.mitre.org/techniques/T1574/010,"{'technique': 'Hijack Execution Flow', 'attck_id': 'T1574', 'attck_id_wiki': 'https://attack.mitre.org/techniques/T1574'}"
Defense Evasion,Software Packing,T1027.002,https://attack.mitre.org/techniques/T1027/002,"{'technique': 'Obfuscated Files or Information', 'attck_id': 'T1027', 'attck_id_wiki': 'https://attack.mitre.org/techniques/T1027'}"
Defense Evasion,Token Impersonation/Theft,T1134.001,https://attack.mitre.org/techniques/T1134/001,"{'technique': 'Access Token Manipulation', 'attck_id': 'T1134', 'attck_id_wiki': 'https://attack.mitre.org/techniques/T1134'}"
Defense Evasion,Process Injection,T1055,https://attack.mitre.org/techniques/T1055,
Defense Evasion,Masquerading,T1036,https://attack.mitre.org/techniques/T1036,
Defense Evasion,Access Token Manipulation,T1134,https://attack.mitre.org/techniques/T1134,
Credential Access,Credential API Hooking,T1056.004,https://attack.mitre.org/techniques/T1056/004,"{'technique': 'Input Capture', 'attck_id': 'T1056', 'attck_id_wiki': 'https://attack.mitre.org/techniques/T1056'}"
Discovery,Query Registry,T1012,https://attack.mitre.org/techniques/T1012,
Discovery,File and Directory Discovery,T1083,https://attack.mitre.org/techniques/T1083,
Discovery,Peripheral Device Discovery,T1120,https://attack.mitre.org/techniques/T1120,
Discovery,System Information Discovery,T1082,https://attack.mitre.org/techniques/T1082,
Discovery,Software Discovery,T1518,https://attack.mitre.org/techniques/T1518,
Collection,Email Collection,T1114,https://attack.mitre.org/techniques/T1114,
Collection,Screen Capture,T1113,https://attack.mitre.org/techniques/T1113,
Collection,Credential API Hooking,T1056.004,https://attack.mitre.org/techniques/T1056/004,"{'technique': 'Input Capture', 'attck_id': 'T1056', 'attck_id_wiki': 'https://attack.mitre.org/techniques/T1056'}"
Command and Control,Encrypted Channel,T1573,https://attack.mitre.org/techniques/T1573,
Impact,Data Encrypted for Impact,T1471,https://attack.mitre.org/techniques/T1471,
Execution,Native API,T1106,https://attack.mitre.org/techniques/T1106,
Persistence,Services File Permissions Weakness,T1574.010,https://attack.mitre.org/techniques/T1574/010,"{'technique': 'Hijack Execution Flow', 'attck_id': 'T1574', 'attck_id_wiki': 'https://attack.mitre.org/techniques/T1574'}"
Privilege Escalation,Abuse Elevation Control Mechanism,T1548,https://attack.mitre.org/techniques/T1548,
Privilege Escalation,Process Injection,T1055,https://attack.mitre.org/techniques/T1055,
Privilege Escalation,Access Token Manipulation,T1134,https://attack.mitre.org/techniques/T1134,
Privilege Escalation,Token Impersonation/Theft,T1134.001,https://attack.mitre.org/techniques/T1134/001,"{'technique': 'Access Token Manipulation', 'attck_id': 'T1134', 'attck_id_wiki': 'https://attack.mitre.org/techniques/T1134'}"
Privilege Escalation,Services File Permissions Weakness,T1574.010,https://attack.mitre.org/techniques/T1574/010,"{'technique': 'Hijack Execution Flow', 'attck_id': 'T1574', 'attck_id_wiki': 'https://attack.mitre.org/techniques/T1574'}"
Defense Evasion,Masquerading,T1036,https://attack.mitre.org/techniques/T1036,
Defense Evasion,Software Packing,T1027.002,https://attack.mitre.org/techniques/T1027/002,"{'technique': 'Obfuscated Files or Information', 'attck_id': 'T1027', 'attck_id_wiki': 'https://attack.mitre.org/techniques/T1027'}"
Defense Evasion,Code Signing,T1553.002,https://attack.mitre.org/techniques/T1553/002,"{'technique': 'Subvert Trust Controls', 'attck_id': 'T1553', 'attck_id_wiki': 'https://attack.mitre.org/techniques/T1553'}"
Defense Evasion,Abuse Elevation Control Mechanism,T1548,https://attack.mitre.org/techniques/T1548,
Defense Evasion,Process Injection,T1055,https://attack.mitre.org/techniques/T1055,
Defense Evasion,Access Token Manipulation,T1134,https://attack.mitre.org/techniques/T1134,
Defense Evasion,Token Impersonation/Theft,T1134.001,https://attack.mitre.org/techniques/T1134/001,"{'technique': 'Access Token Manipulation', 'attck_id': 'T1134', 'attck_id_wiki': 'https://attack.mitre.org/techniques/T1134'}"
Defense Evasion,Services File Permissions Weakness,T1574.010,https://attack.mitre.org/techniques/T1574/010,"{'technique': 'Hijack Execution Flow', 'attck_id': 'T1574', 'attck_id_wiki': 'https://attack.mitre.org/techniques/T1574'}"
Credential Access,Credential API Hooking,T1056.004,https://attack.mitre.org/techniques/T1056/004,"{'technique': 'Input Capture', 'attck_id': 'T1056', 'attck_id_wiki': 'https://attack.mitre.org/techniques/T1056'}"
Credential Access,Keylogging,T1056.001,https://attack.mitre.org/techniques/T1056/001,"{'technique': 'Input Capture', 'attck_id': 'T1056', 'attck_id_wiki': 'https://attack.mitre.org/techniques/T1056'}"
Discovery,File and Directory Discovery,T1083,https://attack.mitre.org/techniques/T1083,
Discovery,Query Registry,T1012,https://attack.mitre.org/techniques/T1012,
Discovery,System Information Discovery,T1082,https://attack.mitre.org/techniques/T1082,
Discovery,Peripheral Device Discovery,T1120,https://attack.mitre.org/techniques/T1120,
Discovery,Software Discovery,T1518,https://attack.mitre.org/techniques/T1518,
Collection,Credential API Hooking,T1056.004,https://attack.mitre.org/techniques/T1056/004,"{'technique': 'Input Capture', 'attck_id': 'T1056', 'attck_id_wiki': 'https://attack.mitre.org/techniques/T1056'}"
Collection,Screen Capture,T1113,https://attack.mitre.org/techniques/T1113,
Collection,Email Collection,T1114,https://attack.mitre.org/techniques/T1114,
Collection,Keylogging,T1056.001,https://attack.mitre.org/techniques/T1056/001,"{'technique': 'Input Capture', 'attck_id': 'T1056', 'attck_id_wiki': 'https://attack.mitre.org/techniques/T1056'}"
Command and Control,Encrypted Channel,T1573,https://attack.mitre.org/techniques/T1573,
Impact,Data Encrypted for Impact,T1471,https://attack.mitre.org/techniques/T1471,
